Domain,RefSubNets,PrevRefSubNets,provider
123-reg.co.uk,1960,1954,123-reg
1984.hosting,668,660,1984-hosting
20i.com,631,623,20i
4everland.org,402,407,4everland
a1.group,534,542,a1-telekom-austria
aapanel.com,4123,4140,aapanel
acquia.com,2741,2761,acquia
active24.cz,4106,4101,active24
adalo.com,1414,1423,adalo
advania.is,336,336,advania
aeserver.com,657,658,aeserver
afrihost.com,1757,1772,afrihost
akamai.com,10638,10734,akamai
akky.mx,425,423,akky
alfahosting.de,1486,1482,alfahosting
alibabacloud.com,6158,6133,alibaba-cloud
all-inkl.com,3989,3971,all-inkl
abc.xyz,4616,4672,alphabet
alwaysdata.com,689,689,alwaysdata
amen.pt,1179,1185,amen
anaconda.com,5462,5525,anaconda
anexia.com,571,565,anexia
antagonist.nl,2548,2551,antagonist
apiscp.com,307,320,apiscp
appsmith.com,1140,1145,appsmith
appwrite.io,1050,1048,appwrite
arcustech.com,245,238,arcustech
argeweb.nl,459,462,argeweb
arsys.es,5157,5204,arsys
arubacloud.com,546,542,aruba-it
automattic.com,24334,24426,automattic
aws.amazon.com,46453,46794,aws-lambda
aws.amazon.com,46453,46794,aws
azdigi.com,813,829,azdigi
back4app.com,732,752,back4app
base44.com,1091,1100,base44
bearblog.dev,3002,2998,bearblog
bearstech.com,364,362,bearstech
beget.com,3041,3074,beget
bigrock.in,899,884,bigrock
binarylane.com.au,309,296,binary-lane
binero.se,502,514,binero
bitbucket.org,17411,17468,bitbucket
bitfolk.com,384,391,bitfolk
bizflycloud.vn,418,422,bizflycloud
biznetgio.com,403,406,biznet-gio
blacknight.com,1306,1301,blacknight
block.xyz,1891,1897,block
blot.im,645,658,blot
bluehost.com,14878,14878,bluehost
bravostudio.app,445,444,bravo-studio
brixly.uk,254,255,brixly
bubble.io,3915,3941,bubble
bunny.net,3589,3576,bunny-net
buyvm.net,669,660,buyvm
buzinessware.com,306,311,buzinessware
byet.host,953,957,byet
byte.nl,552,553,byte
bytemark.co.uk,977,983,bytemark
cafe24.com,6774,6792,cafe24
capconnect.com,442,438,capconnect
caprover.com,3771,3783,caprover
cargo.site,4003,3997,cargo
carrd.co,12867,12936,carrd
cdmon.com,750,760,cdmon
chemicloud.com,679,683,chemicloud
cherryservers.com,770,773,cherry-servers
cinven.com,437,438,cinven
civo.com,800,801,civo
cleavr.io,240,232,cleavr
clever.cloud,747,741,clever-cloud
cloud66.com,468,474,cloud66
cloudpanel.io,625,626,cloudpanel
cloudron.io,1440,1436,cloudron
cloudways.com,5081,5125,cloudways
cloudzy.com,754,746,cloudzy
codeberg.page,2601,2575,codeberg-pages
codeberg.org,14645,14658,codeberg
colombiahosting.com.co,575,569,colombiahosting
combell.com,1308,1305,combell
conexcol.net.co,456,457,conexcol
conoha.jp,988,988,conoha
contabo.com,2540,2510,contabo
contentful.com,3004,3011,contentful
convesio.com,440,439,convesio
convex.dev,936,940,convex
coolify.io,1205,1196,coolify
cpanel.net,76085,76647,cpanel
craftcms.com,1580,1580,craft-cloud
cratedb.com,733,757,cratedb
crucial.com.au,414,427,crucial
curanet.dk,243,251,curanet
cvc.com,1168,1184,cvc
cyberfolks.pl,2922,2930,cyber-folks
cyberpanel.net,8426,8421,cyberpanel
cyon.ch,1430,1444,cyon
deno.com,2376,2374,deno-deploy
deno.com,2376,2374,deno-land
dewaweb.com,607,606,dewaweb
dhosting.pl,539,549,dhosting
digitalocean.com,19857,19931,digitalocean-functions
digitalocean.com,19857,19931,digitalocean
digitalpacific.com.au,587,588,digitalpacific
dinahosting.com,692,696,dinahosting
directadmin.com,13931,13934,directadmin
directual.com,272,267,directual
divio.com,848,841,divio
dnsimple.com,1186,1195,dnsimple
dokku.com,633,626,dokku
dokploy.com,636,632,dokploy
domainesia.com,764,773,domainesia
df.eu,2012,1997,domainfactory
domainking.ng,265,269,domainking
domene.shop,301,303,domeneshop
donweb.com,782,792,donweb
draftbit.com,605,611,draftbit
dreamhost.com,16637,16720,dreamhost
duda.co,1552,1557,duda
e2enetworks.com,452,447,e2e-networks
easyname.com,946,952,easyname
easypanel.io,339,325,easypanel
edis.at,572,579,edis
elest.io,672,679,elestio
elitehost.co.za,346,348,elitehost
elryad.com,331,329,elryad
encore.dev,769,769,encore
endurance.com,527,525,endurance
enhance.com,369,370,enhance
exabytes.my,1533,1522,exabytes
exe.dev,732,718,exe
exoscale.com,1011,1013,exoscale
fastcomet.com,1130,1137,fastcomet
fasthosts.co.uk,8450,8561,fasthosts
fastly.com,7325,7359,fastly
fastmail.com,2828,2803,fastmail
filebase.com,444,442,filebase
firstvds.ru,991,1002,firstvds
fleek.sh,308,312,fleek
flokinet.is,541,540,flokinet
flutterflow.io,1202,1204,flutterflow
fly.io,2503,2520,fly
getflywheel.com,1301,1303,flywheel
forpsi.com,1135,1132,forpsi
fortrabbit.com,441,442,fortrabbit
framer.com,4922,4891,framer
froxlor.org,3536,3555,froxlor
gabia.com,2334,2330,gabia
gandi.net,12367,12387,gandi
gcore.com,1384,1390,gcore
genezio.com,232,,genezio
ghost.org,14684,14727,ghost-pro
giantswarm.io,439,431,giant-swarm
gigalixir.com,230,,gigalixir
github.com,255851,256387,github
gitlab.com,47853,47995,gitlab-pages
gitlab.com,47853,47995,gitlab
glesys.com,362,355,glesys
glideapps.com,1597,1611,glide
pepabo.com,858,858,gmo-pepabo
godaddy.com,100588,101056,godaddy
goneo.de,5405,5436,goneo
gorails.com,607,618,gorails
greengeeks.com,2196,2209,greengeeks
greenhost.net,763,753,greenhost
gridpane.com,333,342,gridpane
group.one,345,347,group-one
heartinternet.uk,494,492,heart-internet
heroku.com,6408,6402,heroku
hestiacp.com,636,634,hestiacp
heteml.jp,1489,1506,heteml
hetzner.com,18947,18934,hetzner
home.pl,7764,7753,home-pl
homehost.com.br,377,375,homehost
hospedando.com.mx,229,,hospedando
hostafrica.com,355,353,hostafrica
hostdime.com,545,539,hostdime
hosterpk.com,284,283,hosterpk
hosteurope.de,2967,2987,hosteurope
hostgator.com,7881,7950,hostgator
hosting.cl,230,,hosting-cl
hosting.com,3710,3784,hosting-com
hosting-mexico.net,297,282,hosting-mexico
hostinger.com,20180,20261,hostinger
hostingperu.com.pe,283,269,hostingperu
hostitsmart.com,381,378,hostitsmart
hostman.com,404,403,hostman
hostnet.nl,9597,9596,hostnet
hostpoint.ch,956,962,hostpoint
hosttech.ch,2057,2081,hosttech
hostwinds.com,1967,1968,hostwinds
huaweicloud.com,6657,6671,huawei-cloud
huggingface.co,22877,22983,hugging-face
he.net,5095,5095,hurricane-electric
hyperhost.ua,561,559,hyperhost
hypernode.com,613,612,hypernode
idcloudhost.com,836,835,idcloudhost
ikoula.com,1036,1024,ikoula
iliad.fr,853,855,iliad
infinityfree.com,1106,1113,infinityfree
infomaniak.com,7262,7218,infomaniak
infranetworking.com,316,303,infranetworking
inmotionhosting.com,5368,5423,inmotion
iv.lt,1383,1388,interneto-vizija
interserver.net,2187,2213,interserver
ionos-group.com,883,881,ionos-group
ionos.de,21499,21583,ionos
isimtescil.net,440,451,isimtescil
ispconfig.org,16089,16065,ispconfig
iwantmyname.com,806,819,iwantmyname
jimdo.com,29044,29165,jimdo
jweiland.net,440,434,jweiland
kagoya.jp,792,798,kagoya
kamatera.com,800,796,kamatera
keliweb.it,417,413,keliweb
king.host,1267,1263,kinghost
kinsta.com,6511,6558,kinsta
kkr.com,2246,2266,kkr
knownhost.com,1033,1046,knownhost
koyeb.com,693,693,koyeb
krystal.io,634,639,krystal
laravel.com,24193,24267,laravel-cloud
laravel.com,24193,24267,laravel-forge
latitude.sh,444,443,latitude-sh
leaseweb.com,2321,2328,leaseweb
lh.pl,870,865,lh-pl
lima-city.de,2925,2957,lima-city
linode.com,7440,7431,linode
liquidweb.com,2900,2881,liquid-web
locaweb.com.br,1482,1468,locaweb
lolipop.jp,4191,4221,lolipop
loopia.se,6416,6415,loopia
louhi.fi,758,772,louhi
lovable.dev,11815,11845,lovable
manitu.de,637,632,manitu
master.cz,336,328,master-internet
maxcluster.de,348,337,maxcluster
memset.com,357,346,memset
metanet.ch,779,785,metanet
micro.blog,4031,4052,micro-blog
milesweb.in,790,786,milesweb
mirohost.net,1746,1744,mirohost
mittwald.de,1310,1303,mittwald
modal.com,1463,1474,modal
mydevil.net,606,611,mydevil
mythic-beasts.com,911,908,mythic-beasts
namecheap.com,65359,66361,namecheap
namehero.com,823,825,namehero
names.co.uk,966,962,names-co-uk
natro.com,2185,2200,natro
ncloud.com,609,600,naver-cloud
nazwa.pl,3947,3954,nazwa-pl
nearlyfreespeech.net,867,855,nearlyfreespeech
neocities.org,10805,10808,neocities
neon.com,1925,1904,neon
neostrada.nl,493,483,neostrada
neothek.com,324,319,neothek
netcup.com,3130,3100,netcup
netlify.com,7482,7496,netlify
netsons.com,1806,1788,netsons
neubox.com,807,813,neubox
newfold.com,1990,1996,newfold-digital
nexcess.net,1492,1502,nexcess
nhncloud.com,507,512,nhn-cloud
nhost.io,434,427,nhost
niagahoster.co.id,892,890,niagahoster
nindohost.ma,265,263,nindohost-ma
nine.ch,502,494,nine-ch
njal.la,895,931,njalla
nominalia.com,2253,2262,nominalia
northflank.com,801,794,northflank
nucleus.be,264,267,nucleus
o2switch.fr,1416,1430,o2switch
oderland.se,544,536,oderland
one.com,14195,14171,one-com
opalstack.com,831,821,opalstack
open-telekom-cloud.com,454,438,open-telekom-cloud
openfaas.com,624,633,openfaas
openprovider.com,776,788,openprovider
orangewebsite.com,505,504,orangewebsite
oryon.net,304,303,oryon
ovhcloud.com,31465,31681,ovh
pantheon.io,1775,1795,pantheon
panthur.com.au,240,236,panthur
papaki.com,570,575,papaki
permira.com,700,711,permira
pico.sh,300,306,pico-sh
pikapods.com,562,552,pikapods
planeetta.fi,350,362,planeetta
planethoster.com,1329,1331,planethoster
planetscale.com,1568,1576,planetscale
plasmic.app,541,547,plasmic
platform.sh,1026,1034,platform-sh
plesk.com,57852,57982,plesk
ploi.io,796,792,ploi
plusserver.com,732,729,plusserver
pointer.gr,292,291,pointer
porkbun.com,2122,2147,porkbun
porter.run,315,316,porter
pressable.com,741,740,pressable
proisp.no,341,350,pro-isp
proton.me,10083,10153,proton-mail
ptisp.pt,423,422,ptisp
pythonanywhere.com,3359,3385,pythonanywhere
qovery.com,585,578,qovery
racknerd.com,1368,1360,racknerd
raidboxes.io,1115,1127,raidboxes
railway.com,2076,2083,railway
raiolanetworks.com,822,834,raiola-networks
reg.ru,5966,5958,reg-ru
register.it,5561,5608,register-it
register365.com,379,374,register365
render.com,2502,2481,render
replicate.com,3264,3259,replicate
replit.com,8094,8126,replit
resellerclub.com,1197,1200,resellerclub
retool.com,2522,2525,retool
rocket.net,584,584,rocket-net
rumahweb.com,1855,1866,rumahweb
runcloud.io,1221,1227,runcloud
sakura.ad.jp,2489,2501,sakura-internet
salesforce.com,30537,30883,salesforce
sanity.io,5224,5256,sanity
savvii.com,304,300,savvii
scalahosting.com,1008,1012,scala-hosting
scaleway.com,3874,3878,scaleway-functions
scaleway.com,3874,3878,scaleway
scalingo.com,509,506,scalingo
sdf.org,2918,2909,sdf
seeweb.it,612,613,seeweb
selectel.ru,1455,1447,selectel
seohost.pl,2577,2581,seohost
seravo.com,643,644,seravo
sered.net,427,432,sered
servebolt.com,410,420,servebolt
serverpilot.io,667,670,server-pilot
serveravatar.com,1186,1181,serveravatar
serverius.net,284,285,serverius
serverplan.com,493,498,serverplan
sevalla.com,424,417,sevalla
shellrent.com,367,361,shellrent
shinjiru.com,499,502,shinjiru
shockhosting.com,454,454,shockhosting
shopify.com,67064,67405,shopify
silverlake.com,749,766,silver-lake
simply.com,1964,1969,simply-com
siteground.com,6753,6775,siteground
sitehost.nz,273,270,sitehost
sliplane.io,367,355,sliplane
softr.io,1504,1518,softr
sourcehut.org,1142,1124,sourcehut
spheron.network,779,773,spheron
spinupwp.com,478,467,spinupwp
spline.design,2351,2364,spline
squarespace.com,41232,41525,squarespace
stackit.com,500,497,stackit
strapi.io,2268,2263,strapi
strato.de,21079,21103,strato
supabase.com,5243,5239,supabase
supporthost.com,458,448,supporthost
surge.sh,2593,2607,surge
team.blue,775,789,team-blue
tecnoweb.net,319,313,tecnoweb
teleporthq.io,771,766,teleporthq
tencentcloud.com,1456,1457,tencent-cloud
timeweb.com,3834,3817,timeweb
timmehosting.de,515,521,timme-hosting
tino.org,257,250,tinohost
top.host,295,292,top-host
transip.nl,9239,9280,transip
transloadit.com,621,623,transloadit
truehost.com.ng,285,278,truehost-ng
truehost.co.ke,299,302,truehost
tsohost.com,485,482,tsohost
tucha.ua,237,230,tucha
turhost.com,968,970,turhost
typedream.com,500,505,typedream
uberspace.de,1706,1706,uberspace
umbler.com,684,660,umbler
united-internet.de,636,627,united-internet
upcloud.com,1205,1217,upcloud
upsun.com,1109,1142,upsun
val.town,732,724,val-town
value-domain.com,2739,2741,value-domain
variomedia.de,526,533,variomedia
veebimajutus.ee,509,498,veebimajutus
ventraip.com.au,548,554,ventraip
vercel.com,10332,10362,vercel
versio.nl,744,738,versio
vietnix.vn,527,528,vietnix
viettelidc.com.vn,547,547,viettel-idc
vimexx.nl,889,900,vimexx
virtualmin.com,14893,14943,virtualmin
vodien.com,1231,1236,vodien
voog.com,1221,1214,voog
voyager.nz,477,481,voyager
vultr.com,5040,5060,vultr
wasmer.io,899,890,wasmer
web.com.ph,331,317,web.com.ph
webdock.io,536,533,webdock
webempresa.com,1117,1120,webempresa
webflow.com,11813,11913,webflow
webnode.com,9603,9568,webnode
webpros.com,657,666,webpros
webstudio.is,566,553,webstudio
websupport.sk,5137,5099,websupport
wedos.com,896,905,wedos
weebly.com,57092,57412,weebly
whogohost.com,378,374,whogohost
wiroos.com,438,433,wire-os
wix.com,37197,37424,wix
wnpower.com,349,350,wnpower
wordpress.com,132402,132940,wordpress-com
world4you.com,861,874,world4you
wpdeveloper.com,620,616,wpdeveloper
wpengine.com,17380,17497,wpengine
wpserveur.net,431,437,wpserveur
write.as,3697,3715,write-as
xcloud.host,1195,1188,xcloud
xneelo.co.za,353,349,xneelo
xserver.ne.jp,4269,4272,xserver
your.online,688,687,your-online
yourhosting.nl,3540,3577,yourhosting
zeabur.com,671,660,zeabur
zenbox.pl,502,519,zenbox
zone.ee,2533,2513,zone-media
zoner.fi,484,498,zoner
