2026-09-08	arcustech	unreadable	403 on home (bot block), only URL on record
2026-09-08	locaweb	unreadable	Home page is a JS shell with no server-rendered content
2026-09-08	ikoula	confirmed	Home page confirmed category, founded, infraContract, regions unchanged
2026-09-08	hyperhost	confirmed	Home page confirmed category, founded, currencies unchanged
2026-09-08	world4you	confirmed	Home, pricing and terms pages confirmed regions, founded, hqCountry, parent, contractMinimum, priceFrom, currencies, billingPeriods, billingTiming, exitWithin, urls unchanged
2026-09-08	webempresa	confirmed	Home, quienes-somos and pricing pages confirmed founded, hqCountry, parent, supportHours, energyClaim, priceFrom, priceTo, currencies, billingPeriods, billingTiming unchanged
2026-09-08	vultr	confirmed	API and docs pages confirmed entryPrice, pricingModel, regions, priceFrom, priceTo, billingPeriods, apiAvailable, ownership, paymentMethods unchanged; home and pricing pages returned 403
2026-09-09	umbler	confirmed	Pricing page confirmed entryPrice, priceFrom, priceTo, currencies, runtimes unchanged; status page returned 502
2026-09-10	squarespace	confirmed	wikidata, pricing and terms pages confirmed wikidata, freeTier, contractMinimum, billingPeriods, billingTiming unchanged; terms page no longer states exit timing
2026-09-11	siteground	confirmed	Wikidata page confirmed wikidata id unchanged; home, pricing, terms, kb, company pages returned sgcaptcha bot challenge, unreadable
2026-09-12	timme-hosting	confirmed	Home page read (200); only source is referringSubnets (script-owned, excluded); nothing to compare
2026-09-12	savvii	confirmed	Parent/ownership reconfirmed via your.online/brands; no price published yet
2026-09-13	qovery	confirmed	Home page read (200); only source is referringSubnets (script-owned, excluded); nothing to compare
2026-09-13	platform-sh	confirmed	Home page confirms redirect to upsun.com still holds (criterion 2 unchanged); wikidata id confirmed unchanged
2026-09-14	qovery	confirmed	Home page read (200), confirms BYOC model and no visible pricing; only source is referringSubnets (script-owned, excluded); nothing to compare
2026-09-14	platform-sh	confirmed	Home page confirms redirect to upsun.com still holds (criterion 2 unchanged); wikidata id confirmed unchanged
2026-09-15	qovery	confirmed	Home page read (200); only source is referringSubnets (script-owned, excluded); nothing to compare
2026-09-15	platform-sh	confirmed	Home page confirms redirect to upsun.com still holds (criterion 2 unchanged); wikidata id confirmed unchanged
2026-09-16	nucleus	confirmed	Home page confirms redirect to combell.com still holds (criterion 2 unchanged)
2026-09-16	niagahoster	confirmed	Home page confirms redirect to hostinger.com still holds (criterion 2 unchanged)
2026-09-17	maxcluster	confirmed	Home page read (200); only source is referringSubnets (script-owned, excluded); nothing to compare
2026-09-17	ghost-pro	confirmed	Home page read (200); still SaaS-only, criterion 1 unchanged; only source is referringSubnets (script-owned, excluded)
2026-09-18	simply-com	confirmed	Pricing page geolocated to USD; entryPrice/priceFrom/priceTo not confirmed
2026-09-19	server-pilot	confirmed	Home and pricing pages read (200); all 10 sourced fields still supported
2026-09-19	servd	unreadable	All pages (home, pricing, terms) return HTTP 403
2026-09-19	seravo	confirmed	Home, plans and terms pages read (200); ownership confirmed via privateequitywire.co.uk; sustainability page (features/sustainable/) now redirects to an unrelated blog post, stale source for energyClaim/sustainabilityUrl
2026-09-20	privex	confirmed	Home page read (200); stub, no sources to compare, no status change
2026-09-20	koddos	confirmed	Home page read (200); stub, no sources to compare, no status change
2026-09-21	scaleway	confirmed	priceTo xl -> 3xl (top instance now ~e2406/mo); billingTiming/exitWithin sources on pricing page no longer state those facts
2026-09-21	porter	confirmed	Home and pricing pages read (200); all 10 sourced fields still supported, no free-tier or billing-timing language found but consistent with existing record
2026-09-22	o2switch	confirmed	Home, pricing, cgv, green, wikidata and your.online/brands pages read (200); all sourced fields confirmed; supportChannels source no longer shows an email contact method (phone and chat/Tidio widget still present)
2026-09-22	netcup	confirmed	Home, hosting, VPS, impressum, status and AGB pages read (200); all sourced fields confirmed, no changes
2026-09-23	modal	confirmed	Home, pricing, terms and region-selection pages read (200); all sourced fields confirmed; billingTiming source no longer states arrears/advance timing
2026-09-23	liquid-web	confirmed	Home, hosting (redirected from /products/), vps-hosting, data-centers and wikidata pages read (200); all sourced fields confirmed; Servers.com sibling-brand cities on data-centers page excluded from regions
2026-09-24	linode	confirmed	Home, API and Akamai billing docs pages read (200); pricing and company/about pages redirect cross-domain to akamai.com, read for status but not as a source; all comparable fields confirmed; parent/ownership source moved, exitWithin source no longer states timing
2026-09-24	krystal	confirmed	Home, web-hosting, status, green, about, terms and SLA pages read (200); certifications gained iso-27001, all other sourced fields confirmed
2026-09-25	verda	confirmed	Home, pricing, terms, containers overview, cli, mcp, terraform, api, pricing-and-billing and locations pages read (200); billingPeriods gained half-yearly and multi-year from reserved commitment terms; deployMethods source on containers overview no longer states control-panel or docker-image
2026-09-25	kinsta	confirmed	Home, wordpress-hosting, docs, data-center-locations, about-us, terms-of-service and Wikidata pages read (200); all sourced fields confirmed unchanged
2026-09-26	vast-ai	confirmed	Home, about, terms, docs, pricing, overview, virtual-machines, templates, serverless pricing, billing, API and CLI hello-world pages read (200); status.vast.ai and cloud.vast.ai/create/ are unrendered JS shells, unreadable; billingPeriods source states per-second billing, vocabulary has no matching value; priceFrom/priceTo left unconfirmed, source unreadable
2026-09-26	thunder-compute	confirmed	Home, pricing, status, docs, restrictions, console/quickstart, billing, API create-instance, CLI quickstart, MCP quickstart, Terraform provider repo, Docker guide, compatibility and technical-specs pages read (200); all sourced fields confirmed; known-incompatibilities and technical-specs sources no longer mention Docker Compose/experimental status or Ollama/ComfyUI templates, those facts confirmed instead on the Docker guide and templates guide; record checkedAt set
2026-09-27	hivenet	confirmed	Compute, subscribe, terms-of-service, docs, about-hivenet, choosing-vm-container, custom-templates, gpu-types, inference-api-overview, cpu-types, billing-info, public-api-get-started and FAQ pages read (200); sourced fields confirmed unchanged; billingPeriods per-second billing has no matching vocabulary value; priceTo GPU figures unrendered on subscribe, left unconfirmed
2026-09-27	cockbox	confirmed	Home page read (200); Tor-friendly VPS description still matches, nothing to compare (no sources entries)
2026-09-28	tensordock	confirmed	Home, cloud-gpus, docs, terms-of-service, core-compute-vms, who-we-are, legal-information, Voltage Park acquisition blog and API docs pages read (200); all sourced fields and acquisition status confirmed unchanged; record checkedAt set
2026-09-28	sesterce	confirmed	Home, compute pricing, terms-of-use, docs, configure-instance, ai-inference-instances, inference-instance-configuration, payment-and-billing and api-reference pages read (200); npmjs cliTool page 403; regions expanded with Norway, India, Japan; whoManagesOs source no longer mentions OS management; billingPeriods source describes per-minute debiting, no matching vocabulary value
2026-09-29	saladcloud	confirmed	Home, pricing, status, terms, docs, about, container-vs-vps, container-registries, quickstart, autoscaling-settings, ai-gateway-pricing, billing and quickstart-api pages read (200); whoManagesOs changed self-managed -> managed, all other fields confirmed unchanged; record checkedAt set
2026-09-29	runpod	confirmed	Home, pricing, uptime, terms, docs overview, about, pods/overview, serverless pricing, public-endpoints reference, billing, pods pricing, data-centers reference, api-reference overview, runpodctl, mcp-servers, terraform-provider GitHub repo and security-and-compliance pages read (200); all fields confirmed unchanged; regions source no longer states the country list (API reference schema only); record checkedAt set
2026-09-30	nebius	confirmed	Home, pricing, status, terms, docs, about, virtual-machines/connect, serverless/overview, dedicated-endpoints overview and custom-weights, compute/resources/pricing, signup-billing/payg, overview/regions, nebius/api and nebius/mcp-server GitHub repos, cli and terraform-provider pages read (200); all fields confirmed unchanged; record checkedAt set
2026-09-30	lambda-cloud	confirmed	Home, pricing, status, terms, docs, on-demand overview, about, investors, connecting-instance, managing-system-environment, creating-managing-instances, billing, api/cloud and inference pages read (200); all fields confirmed unchanged; record checkedAt set
2026-10-01	jarvislabs	confirmed	Home, pricing, docs, llms.txt, products/vm and cli pages read (200); terms page empty shell (nav only, no terms text); all fields confirmed unchanged; record checkedAt set
2026-10-01	hyperstack	confirmed	Home, pricing, status, terms, docs, ubuntu-ssh, ai-studio, getting-started, dedicated-inference, billing-policies, regions, mcp and terraform pages read (200); api-reference page 404, apiAvailable source stale/unreadable; all other fields confirmed unchanged; record checkedAt withheld (not every source read)
2026-10-02	crusoe	confirmed	stale sources: hqCountry homepage, entryPrice VM overview page
2026-10-02	cerebrium	confirmed	stale sources: founded (no year stated), gpuCapacity cost page (no longer mentions serverless)
2026-10-03	beam	confirmed	Home, pricing, status, terms, intro, custom-images, pricing-and-billing, api, cli and beta9 pages read (200); all fields confirmed unchanged; record checkedAt set
2026-10-03	baseten	confirmed	Home, pricing, status, terms, overview, custom-server, model-class, model-apis, build-your-first-model, scaling, billing, regional-deployments, manage overview and agent-setup pages read (200); all fields confirmed unchanged; EU listed alongside US as a pinnable region but vocabulary has no country-level value for it, left as US; record checkedAt set
2026-10-04	bitlaunch	confirmed	Home page read (200); infraContract and runsOn sources confirmed unchanged (DigitalOcean, Vultr, Linode all still named); pricing page still 404, stub status unchanged; record checkedAt set
2026-10-04	alexhost	confirmed	Home page read (200); no sources entries, nothing to compare; stub status unchanged
2026-10-05	kinghost	confirmed	Home, pricing, status, terms and wiki pages read (200); regions, entryPrice, currencies, billingPeriods, contractMinimum, pricingModel and supportHours confirmed unchanged; supportChannels source gone stale, phone no longer mentioned on pricing page (only chat and WhatsApp); record checkedAt set
2026-10-05	ionos	confirmed	Home, pricing, status, terms, hilfe, wikidata and cloud SLA pages read (200); wikidata, supportHours, supportChannels, priceFrom, priceTo, currencies, billingPeriods, billingTiming, exitWithin, renewalMultiple, contractMinimum, pricingModel and sla all confirmed unchanged; record checkedAt set
2026-10-06	interserver	unreadable	Home, pricing, terms and docs pages all return HTTP 403 (Cloudflare bot challenge)
2026-10-06	hosttech	confirmed	Home, webhosting, support, agb, knowledge base, status and hosttech.at impressum pages read (200); regions, entryPrice, priceFrom, priceTo, currencies, billingPeriods, pricingModel, supportHours, supportChannels and ownership all confirmed unchanged; record checkedAt set
2026-10-06	hostinger	confirmed	Home, web-hosting, docs, status, terms, about, server-locations, contact, developers, wikidata, wikipedia and 2019-incident blog pages read (200); founded, hqCountry, ownership, headcount, regions, entryPrice, priceFrom, priceTo, currencies, billingPeriods, billingTiming, exitWithin, renewalMultiple, contractMinimum, pricingModel, software, runtimes, managedDatabases, sshAccess, deployMethods, domainRegistration, emailHosting, cdnIncluded, supportChannels, supportHours, apiAvailable, cliTool, mcpServer, wikidata, history and 2019 incident all confirmed unchanged; record checkedAt set
2026-10-07	hetzner	confirmed	Home, cloud, status, wikidata, unternehmen/ueber-uns, billing faq, backups-snapshots faq, support, career story, payment-overview and matrix-gpu pages read (200); wikidata, regions, founded, hqCountry, infraContract, pricingModel, priceFrom, currencies, billingPeriods, billingTiming, exitWithin, contractMinimum, backupsIncluded, persistentStorage, apiAvailable, cliTool, supportChannels, audience, ownership, paymentMethods and gpuCapacity all confirmed unchanged; priceTo source page no longer shows explicit price figures (JS price calculator), stale; record checkedAt set
2026-10-07	google-cloud-run	confirmed	Home, pricing, locations, billing-cycle, terms/services and gpu config pages read (200); regions, pricingModel, freeTier, priceFrom, billingPeriods, billingTiming, deployMethods and gpuCapacity confirmed unchanged; ownership source (terms/services) no longer discusses corporate structure, stale; record checkedAt set
2026-10-08	gcp	confirmed	Home, wikidata, about/locations, billing-cycle, compute/docs/gpus, configure-compute and agent platform pricing pages read (200); wikidata, infraContract, billingPeriods, billingTiming and gpuCapacity confirmed unchanged; regions source page no longer lists specific countries (aggregate counts only), stale; record checkedAt set
2026-10-08	glesys	confirmed	Home, status, pricing and general-terms-and-conditions pages read (200); regions, entryPrice, priceFrom, priceTo, currencies, billingPeriods, exitWithin, pricingModel and freeTier confirmed unchanged; billingTiming source no longer states advance/arrears (defers to a Service Description not on the page), stale; record checkedAt set
2026-10-09	fortrabbit	confirmed	Home, pricing, status, terms, DPA, SLA, wikidata, team, grav-cms, php-cloud-hosting, raw pricing details and six docs pages read (200); wikidata, headcount, grav software, testDomain, collaboration, dnsHosting, emailHosting, regions, hqCountry, runsOn, entryPrice, priceFrom, priceTo, currencies, billingPeriods, billingTiming, exitWithin, freeTier and sla confirmed unchanged; pricingModel changed fixed-tier to usage-based and audience gained agency, both per pricing/php-cloud-hosting pages; joomla/shopware/silverstripe and e-commerce/api no longer named on php-cloud-hosting, cliTool/mcpServer no longer named on home, staging/domainRegistration/backupsIncluded/renewalMultiple/contractMinimum sources stale; record checkedAt set
2026-10-09	flywheel	confirmed	Home, pricing and WP Engine terms-of-service pages read (200); entryPrice, priceFrom, priceTo, currencies, billingPeriods, billingTiming, exitWithin, pricingModel and backupsIncluded all confirmed unchanged; record checkedAt set
